input|output|desired_output
225.686|216.748767572|228.8322
370.86|356.161918899|370.85995
261.416|251.06091642|270.73261
217.887|209.259250391|217.88689
283.852|272.606602722|304.19546
270.393|259.681687767|270.39302
289.971|278.482786288|301.16526
273.874|263.02455343|283.79383
304.143|292.092407712|304.14322
145.461|139.707285866|154.5922
160.583|154.229209037|168.72444
1174.587|1127.9951251|1203.53914
299.445|287.580835495|303.75138
211.557|203.180439806|224.41751
272.631|261.830878618|277.21098
160.94|154.57204243|160.93995
175.229|168.294021016|183.19628
172.904|166.061282531|172.90404
95.947|92.1581188334|95.9473
271.621|260.860957814|280.08444
207.621|199.400629622|207.62077
159.608|153.292899349|159.60771
206.576|198.397097701|206.57587
187.623|180.196197698|193.56689
176.135|169.164068787|181.52444
112.071|107.642280267|118.5171
139.72|134.194102364|156.57751
221.785|213.002568505|227.00363
421.825|405.10450681|436.53179
327.378|314.405387798|332.06812
269.206|258.541790742|281.05098
217.103|208.506361371|217.10322
180.013|172.888180548|185.28608
209.589|201.290534714|217.88689
194.873|187.158500501|194.87302
470.407|451.758657813|478.45832
219.133|210.455806156|221.72689
234.051|224.78182453|250.48771
237.401|227.998888584|245.81179
283.905|272.657499556|286.77179
200.139|192.21553313|209.29261
211.006|202.651304793|220.26404
181.255|174.080895042|193.90649
253.37|243.334200785|275.74812
241.952|232.369294109|250.53995
402.93|386.959305229|411.92444
177.429|170.406719798|185.70404
147.958|142.105198983|157.36118
211.197|202.83472546|222.77179
168.826|162.145107244|177.81506
119.513|114.788964055|125.70077
208.927|200.654804444|215.09179
305.993|293.868995323|315.14077
304.774|292.698368135|311.19628
287.393|276.007087443|294.19057
63.294|60.8008673264|63.29424
104.867|100.724152075|112.90077
170.388|163.645123379|183.19628
186.567|179.182102282|194.82077
215.342|206.815242028|236.19873
333.195|319.99155544|338.75546
134.896|129.561530126|146.28526
269.526|258.849092383|280.65914
135.326|129.974466706|138.55302
308.117|295.908709965|320.15628
290.58|279.067619723|295.02649
99.573|95.6402305525|102.68689
224.253|215.372632411|227.082
172.286|165.467806237|179.09506
160.6|154.245534436|160.60036
144.817|139.088841314|151.09179
222.47|213.66038608|230.37342
210.86|202.511098419|210.85995
192.644|185.017952508|199.75791
146.187|140.404476464|150.56934
201.874|193.881684214|220.70812
124.505|119.582869654|130.76853
202.292|194.283096983|202.29179
247.147|237.358144186|253.51791
401.026|385.130860465|414.24934
145.99|140.215293891|151.09179
208.538|200.281240887|214.33424
671.631|644.997612189|745.40363
221.298|212.53489382|224.07791
229.076|220.004244331|248.63302
230.801|221.660792239|239.90812
165.941|159.374590887|173.06077
175.462|168.517775023|185.0771
400.945|385.053074737|409.0771
239.409|229.927206381|245.26322
124.099|119.192980697|136.77669
250.834|240.898835281|256.1824
174.817|167.898370153|184.99873
203.767|195.699565484|206.44526
175.723|168.768417924|179.59138
186.805|179.410657878|207.80363
239.351|229.871507959|242.75546
394.356|378.725541886|397.5571
268.22|257.594917561|277.99465
142.994|137.338182278|147.43465
188.081|180.636023171|188.08118
274.146|263.285759825|277.55057
102.951|98.8841834998|108.2771
266.315|255.76551248|274.70322
231.665|222.49050667|238.21016
120.041|115.296011762|126.14485
148.753|142.868651497|156.52526
136.371|130.977998627|145.00526
536.149|514.891859313|575.58159
191.925|184.327484133|196.362
220.967|212.217028685|223.52934
163.358|156.894090454|181.86404
167.079|160.467432348|169.09016
262.037|251.657273667|276.21832
139.471|133.954983274|142.65424
256.139|245.993320297|261.32853
138.866|133.373991109|138.86649
133.596|128.31311721|142.23628
230.876|221.732816061|243.17342
197.985|190.147008959|203.93751
328.771|315.743110254|346.51383
222.047|213.254171724|237.16526
200.907|192.953057068|200.9073
187.751|180.319118354|199.83628
208.138|199.897113836|216.58077
443.466|425.886740597|468.00934
151.069|145.092747124|168.30649
167.77|161.131011829|174.81098
288.729|277.290071794|301.19138
193.329|185.675770083|203.54567
222.726|213.906227393|226.37669
174.904|167.981917787|186.8273
240.344|230.825103363|246.96118
174.236|167.340425612|174.23628
104.455|100.328501212|108.19873
271.099|260.359672012|280.2673
232.966|223.739879904|240.40444
124.024|119.120956875|133.25016
164.583|158.070479549|168.54159
226.612|217.638021695|226.61179
176.64|169.649029189|179.93098
301.54|289.592700926|313.15546
260.777|250.447273456|272.14322
165.251|158.711971724|178.78159
161.686|155.28843938|166.21669
231.288|222.128466924|244.45342
405.106|389.048956387|405.10649
110.196|105.841684715|119.40526
183.948|176.667030415|194.40281
156.793|150.589605226|165.3024
160.833|154.469288444|170.4224
120.419|115.659011826|136.202
287.318|275.935063621|305.10975
159.852|153.52721685|169.16853
201.253|193.285326967|204.90404
205.218|197.092986362|211.53914
257.805|247.593209466|277.21098
191.501|183.920309459|206.75873
318.851|306.216759384|331.36281
432.292|415.156151422|436.27057
271.058|260.320298989|281.39057
196.209|188.441484852|198.50404
272.625|261.825116712|287.4771
197.979|190.141247053|203.02322
143.517|137.840428397|148.63628
203.284|195.23573207|203.28444
198.891|191.01705673|213.15873
248.924|239.064628611|252.08118
208.347|200.09782022|219.08853
189.521|182.018880555|200.6722
193.434|185.776603434|200.51546
155.643|149.485239954|165.74649
272.637|261.836640524|276.00934
202.109|194.107358857|202.10893
277.873|266.864863624|281.12934
297.465|285.679406592|307.98322
165.314|158.772471735|170.9971
221.977|213.18694949|247.11791
221.594|212.819147838|241.8673
255.936|245.798375819|263.65342
177.296|170.278997553|196.91057
253.858|243.802835788|260.44036
114.556|110.028669573|123.8722
227.219|218.220934496|241.84118
125.504|120.542226964|133.27628
149.942|144.010469157|149.9424
170.864|164.10223457|174.96771
101.889|97.8643261789|111.22893
301.929|289.966264483|312.45016
239.566|230.077976249|254.24934
163.463|156.994923805|172.72118
355.666|341.570852859|361.79546
387.199|371.852548623|399.51628
149.072|143.174992821|155.53261
325.045|312.164966772|334.54975
204.045|195.966533784|212.4273
281.304|270.159713406|290.06322
208.242|199.996986869|210.25914
373.487|358.684673307|398.10567
201.482|193.505239704|201.482
180.674|173.522950501|188.3424
415.759|399.279220078|427.07546
291.033|279.502643609|307.22567
114.521|109.995058456|120.89424
177.772|170.736108744|182.72608
234.022|224.753975319|239.35955
249.115|239.248049278|263.83628
178.729|171.655132714|178.72934
201.584|193.603192102|205.29587
269.932|259.23898134|274.18077
154.825|148.699700135|159.29424
226.511|217.541029615|235.78077
209.548|201.251161691|219.76771
147.958|142.105198983|153.49506
312.784|300.390512335|316.21179
184.346|177.049236831|184.34567
243.026|233.400675241|262.94812
300.652|288.739938872|318.9024
280.874|269.746776826|289.04444
210.75|202.40546348|221.41342
102.336|98.2935881586|113.55383
52.323|50.2652226297|52.32281
185.905|178.546372013|191.55546
266.269|255.721337869|276.6624
225.785|216.843839017|234.10893
188.732|181.261189947|193.69751
163.596|157.12264605|172.48608
291.91|280.344842168|301.13914
113.731|109.23640753|117.02812
155.678|149.518851071|158.82404
169.152|162.458170791|176.97914
163.59|157.116884144|167.60118
434.84|417.603040738|447.08526
77.296|74.2472347536|77.29587
282.79|271.586745401|290.84689
187.768|180.335443754|187.76771
99.706|95.767952797|111.46404
208.086|199.847177319|223.39873
183.629|176.360689091|187.53261
154.976|148.844708096|164.64934
345.103|331.427017754|345.10322
308.413|296.192963983|314.122
227.637|218.622347264|236.95628
321.451|308.713585217|332.79955
182.364|175.145887292|190.9024
258.206|247.978296834|268.45995
259.796|249.505201863|267.57179
94.511|90.7791027196|94.51057
384.993|369.734087935|398.602
181.243|174.069371231|187.74159
279.307|268.241959103|295.10485
281.577|270.421880118|291.39546
192.377|184.761547701|199.07873
112.774|108.31738356|124.39465
259.535|249.254558962|269.34812
351.66|337.723820441|362.68363
268.98|258.324758958|277.83791
487.851|468.510438516|501.2371
216.816|208.230750212|216.81587
216.474|207.902321583|229.01506
258.925|248.668765209|258.92526
267.523|256.925576174|285.02159
282.511|271.318816783|291.42159
337.763|324.378286365|337.76281
197.033|189.232786577|211.35628
228.806|219.744958571|228.80608
89.626|86.0879511068|89.62567
125.852|120.876417499|137.69098
130.827|125.653997698|135.18322
163.526|157.055423816|163.52608
190.769|183.217356955|203.7024
148.434|142.562310174|162.71628
250.683|240.753827319|253.67465
197.857|190.024088302|203.59791
186.717|179.326149927|193.59302
160.978|154.6085345|170.84036
207.215|199.010740665|215.64036
220.444|211.714782566|230.79138
223.945|215.076854582|226.87302
169.645|162.931607381|179.06893
232.292|223.092625823|252.47302
147.11|141.290849635|164.62322
180.762|173.607458452|186.17424
147.946|142.093675172|162.35057
43.984|42.2571339298|48.69179
315.472|302.971846119|320.31302
274.582|263.70445831|284.1073
172.669|165.835607888|181.55057
253.457|243.417748419|255.63383
228.043|219.012236221|233.32526
190.009|182.487515558|198.29506
120.006|115.262400645|120.00608
152.787|146.742572809|159.21587
280.201|269.100483062|289.64526
106.04|101.850604653|117.28934
228.902|219.837149064|236.35546
257.044|246.862407751|257.04444
127.083|122.058568499|134.68689
263.68|253.23507553|274.1024
259.872|249.578186003|269.06077
152.143|146.124128256|160.62649
133.654|128.368815632|141.66159
244.907|235.2070327|257.01832
220.247|211.525599993|233.66485
190.526|182.983999772|203.54567
135.082|129.740149205|147.66975
86.895|83.4653236647|92.00281
174.106|167.21558432|174.10567
175.444|168.500489306|180.45342
141.299|135.710443898|148.00934
381.185|366.077198408|401.65832
336.904|323.553373522|340.4273
503.409|483.451060172|514.0371
101.93|97.9036992017|110.15791
139.029|133.530522883|146.57261
210.947|202.594646053|214.54322
226.191|217.233727974|246.02077
96.792|92.969587229|109.37424
194.426|186.729238521|198.5824
235.212|225.896753296|243.06893
218.157|209.518536151|229.14567
99.004|95.0938098221|99.00363
333.142|319.940658606|338.36363
238.515|229.068682422|251.29751
327.663|314.679078322|339.06893
187.199|179.789023023|201.50812
205.827|197.677819798|209.00526
352.026|338.075296693|352.02567
311.144|298.815591425|311.14404
205.578|197.438700708|216.45016
86.181|82.7796568784|93.09995
178.387|171.326704085|194.61179
154.424|148.314612766|164.54485
245.65|235.920548697|260.72771
235.967|226.621793105|239.35955
195.558|187.816318076|202.26567
161.367|154.982098057|173.68771
138.791|133.301967287|148.79302
95.289|91.5262298341|105.35138
181.354|174.175966488|184.68526
266.031|255.492782273|266.03057
588.121|564.801487075|600.37179
277.049|266.073561899|282.3571
259.692|249.40532883|267.25832
153.037|146.982652216|157.02159
453.671|435.686781991|462.07955
225.907|216.960997768|237.50485
227.706|218.688609181|231.00036
204.8|196.691573594|204.79955
210.535|202.19899519|215.87546
262.983|252.565734143|278.83057
167.311|160.690226038|173.13914
296.304|284.564477826|306.31138
62.851|60.3754466172|69.642
197.097|189.294246905|201.58649
141.125|135.543348631|143.67302
128.339|123.264727439|128.33914
147.557|141.720111614|157.20444
235.276|225.958213624|242.6771
607.213|583.135871228|610.01098
178.422|171.360315202|183.53587
340.283|326.798286787|362.34404
118.52|113.83536865|132.64934
222.854|214.029148049|236.69506
134.606|129.283038014|144.74404
1602.467|1538.89583176|1610.00444
225.094|216.180259536|232.28036
228.333|219.290728333|232.56771
150.843|144.87571534|160.73098
46.001|44.1940945855|46.00118
251.219|241.268557568|251.21914
222.319|213.515378118|234.05669
123.768|118.875115562|131.65669
114.329|109.810677471|120.76363
144.353|138.643253934|151.58812
127.135|122.108505015|130.45506
181.888|174.688776101|193.72363
294.765|283.086548996|294.76526
228.351|219.308014051|242.02404
178.904|171.823188299|191.7122
223.881|215.015394253|234.81424
209.229|200.944820368|213.62893
297.39|285.60738277|301.45261
235.712|226.37691211|240.48281
249.516|239.633136647|260.98893
355.254|341.175201996|358.37342
330.641|317.538904218|353.04444
198.246|190.39765186|202.34404
227.027|218.036553511|237.50485
169.146|162.452408885|172.48608
228.519|219.469347412|228.51873
175.224|168.289219428|180.87138
216.195|207.634392965|233.45587
118.857|114.158995691|118.85669
267.041|256.462703078|285.41342
277.42|266.429839739|288.62649
130.699|125.531077041|135.00036
214.668|206.167987947|231.94077
234.098|224.826959459|243.25179
159.173|152.875161181|163.83955
207.281|199.074121629|207.28118
117.075|112.447709678|122.06975
189.492|181.991031344|202.00444
240.565|231.037333559|243.61751
191.065|183.501610973|201.45587
362.405|348.042433354|364.77342
61.997|59.5553353629|65.82812
271.842|261.07318801|279.90159
161.64|155.244264769|173.60934
725.589|696.81443076|735.60771
172.153|165.340083992|177.78893
220.786|212.043211195|220.78649
222.766|213.944640098|229.92934
213.133|204.693900388|213.13261
328.377|315.364745109|340.11383
254.589|244.504827974|254.58893
313.104|300.697813976|318.09261
251.878|241.901406884|261.85098
57.789|55.5143187843|64.65261
389.84|374.388747478|418.45506
274.262|263.39715667|287.11138
147.215|141.391682985|150.80444
227.578|218.565688524|227.57832
31.373|30.1465683231|31.37261
205.264|197.137160973|215.24853
211.383|203.013344539|214.49098
23.875|22.9461067484|23.87546
197.747|189.918453363|205.40036
165.709|159.151797198|177.21424
188.383|180.926039095|194.71628
264.185|253.720035932|276.71465
293.814|282.173286932|301.26975
141.191|135.606729594|141.19138
185.742|178.389840239|201.22077
161.361|154.976336151|172.93016
299.892|288.010097475|303.46404
259.111|248.847384288|270.31465
132.638|127.393132922|140.19873
235.497|226.17044382|241.44934
190.38|182.843793398|190.37995
203.088|195.047509815|207.20281
259.738|249.44950344|281.18159
167.874|161.230884862|175.82975
391.262|375.754319145|399.04608
274.75|263.865791672|278.96118
143.935|138.241841166|147.51302
228.072|219.040085432|233.84771
262.705|252.298765843|266.05669
218.593|209.937234637|221.77914
181.0|173.836014047|190.79791
306.579|294.431741453|309.39383
257.637|247.431876104|269.71383
181.441|174.259514121|187.53261
60.889|58.4913034311|69.90322
351.788|337.846741098|365.71383
362.104|347.753377748|370.49424
202.983|194.946676464|212.79302
122.723|117.871583641|122.72281
153.432|147.361977679|160.26077
124.778|119.845036366|138.03057
34.089|32.7547910008|34.08934
259.477|249.19886054|283.48036
189.01|181.528158248|194.66404
290.453|278.945659384|294.76526
125.457|120.497092036|137.06404
320.615|307.91075968|336.66567
212.776|204.351066995|228.85832
196.632|188.847699208|199.47057
198.415|190.559945539|201.97832
445.637|427.971590167|449.38404
285.878|274.552206236|301.21751
248.169|238.339588802|256.83546
323.483|310.664950637|338.96444
151.516|145.522009103|163.5522
131.889|126.673855019|141.34812
134.641|129.316649131|140.77342
232.287|223.087824234|239.41179
151.615|145.617080549|154.8273
200.411|192.476739524|200.41098
205.7|197.555859459|213.26322
129.858|124.723449916|142.21016
211.081|202.723328615|219.48036
51.487|49.4623970927|51.48689
109.581|105.251089373|116.45342
192.61|184.985301708|196.88444
178.964|171.880807357|178.96444
141.485|135.889062977|148.06159
286.912|275.545174664|311.19628
147.33|141.502119513|147.33016
130.868|125.693370721|133.56363
175.525|168.578275034|187.16689
278.355|267.327736721|290.95138
218.778|210.114893398|232.14975
255.39|245.274042394|274.85995
385.887|370.592611895|392.85506
197.979|190.141247053|200.14975
308.918|296.677924385|322.11546
261.433|251.07724182|270.70649
237.348|227.94799175|237.34812
226.017|217.066632707|229.61587
121.812|116.996734281|124.13342
490.359|470.918915127|496.1171
202.664|194.64033514|212.32281
227.724|218.705894898|232.6722
57.182|54.9314059841|57.18159
217.832|209.206432922|225.14893
354.168|340.132297052|354.16771
242.875|233.25566728|260.12689
300.773|288.856137305|300.77342
260.36|250.046821005|275.59138
233.784|224.525419723|250.06975
154.018|147.924723809|154.01751
394.971|379.316137227|402.96444
204.504|196.407319576|217.88689
199.593|191.691199705|211.66975
197.968|190.130683559|202.10893
177.093|170.084053075|188.65587
142.977|137.321856878|147.43465
219.272|210.589290306|231.81016
167.079|160.467432348|173.89669
247.013|237.229461624|247.01342
150.013|144.078651709|162.45506
172.008|165.200837936|175.20281
303.758|291.722685425|310.72608
509.73|489.521227899|519.13098
201.375|193.402485718|211.66975
145.502|139.746658889|149.62893
226.29|217.328799419|239.80363
233.848|224.586880052|239.20281
208.805|200.537645694|217.59955
201.996|193.998842965|207.93424
275.749|264.825148982|285.98812
257.144|246.958439513|264.09751
263.314|252.883599278|263.31383
238.19|228.756579192|249.5473
278.982|267.929855874|282.20036
209.374|201.084066424|218.22649
154.686|148.566215984|159.08526
204.249|196.162438581|210.31138
215.975|207.423123086|223.45098
291.167|279.631326171|304.50893
233.79|224.531181629|237.08689
446.38|428.685106165|446.37995
226.795|217.813759821|232.28036
123.356|118.479464699|128.96608
150.709|144.747032778|157.75302
241.9|232.319357592|251.92444
27.167|26.1074723798|27.16689
208.736|200.471383777|223.37261
220.253|211.531361899|224.46975
163.225|156.76636821|169.22077
206.025|197.867962688|223.05914
165.251|158.711971724|179.93098
193.451|185.792928834|208.66567
269.973|259.278354363|274.25914
282.5|271.308253289|294.55628
201.201|193.23539045|216.60689
211.772|203.386908096|215.2224
641.091|615.66951183|652.40771
374.538|359.693967134|384.70485
198.943|191.066993246|212.13995
486.426|467.141985896|486.42567
118.201|113.529027327|136.30649
508.546|488.384211827|517.56363
384.029|368.808341742|397.26975
88.097|84.6196254536|99.10812
216.961|208.369996268|225.77587
234.905|225.601935784|245.34159
233.506|224.258451423|239.90812
245.069|235.362604155|253.23057
236.147|226.794650278|240.40444
144.881|139.150301642|152.34567
134.536|129.21581578|146.1024
229.587|220.494966639|234.16118
269.055|258.396782781|275.27791
144.55|138.832436507|149.002
192.795|185.16296047|202.70975
261.428|251.072440232|283.29751
213.833|205.366122727|225.14893
358.516|344.307758099|363.80689
110.254|105.897383137|117.18485
276.474|265.521379263|284.31628
245.545|235.819715346|249.57342
268.899|258.246973231|272.95302
248.93|239.070390517|255.34649
212.143|203.743185936|223.92118
275.482|264.568744176|289.27955
289.936|278.449175171|293.38077
201.967|193.970993754|206.18404
268.353|257.722639806|277.83791
241.07|231.522293961|254.30159
255.152|245.045486798|267.78077
209.955|201.642010966|215.27465
160.74|154.379978904|164.20526
224.386|215.500354656|228.91057
235.566|226.236705737|243.25179
147.574|141.736437014|150.7522
137.9|132.446324281|137.89995
230.824|221.682879545|243.9571
240.982|231.43778601|258.76853
258.479|248.240463547|267.2322
216.288|207.723702504|237.53098
251.64|241.672851289|260.0224
343.33|329.7243746|365.60934
380.54|365.457793538|384.7571
201.874|193.881684214|216.58077
234.115|224.843284858|241.65832
177.296|170.278997553|186.3571
260.377|250.063146405|264.22812
304.797|292.72045544|318.82404
167.01|160.401170432|184.05832
221.135|212.378362047|230.3473
248.152|238.323263403|257.82812
243.281|233.645556237|253.02159
174.829|167.909893965|190.74567
190.328|182.793856881|194.76853
220.595|211.859790528|223.89506
238.26|228.823801426|250.48771
190.824|183.270174425|190.82404
213.165|204.724630552|224.28689
134.513|129.193728475|150.17751
279.208|268.146887658|295.60118
179.914|172.793109103|186.69669
207.941|199.707931263|223.81669
290.569|279.057056229|293.19791
223.277|214.435362406|229.53751
264.69|254.204996334|279.90159
119.757|115.023281556|122.72281
71.889|69.054797339|71.88853
389.555|374.115056954|399.98649
369.905|355.244815564|381.30893
451.802|433.891948344|459.93751
254.189|244.120700923|258.2722
149.728|143.804961185|152.92036
236.606|227.23543607|252.99546
162.612|156.177693504|162.61179
209.914|201.602637943|216.94649
138.873|133.380713333|147.69587
291.765|280.205596112|297.79546
223.736|214.876148197|232.07138
111.258|106.861542036|120.94649
147.389|141.558778253|158.14485
201.096|193.1345571|209.13587
129.289|124.177029186|132.07465
542.064|520.572138082|551.91465
148.643|142.763016558|153.36444
215.632|207.09373414|217.83465
82.311|79.063227658|82.31138
276.085|265.147815705|289.38404
207.656|199.434240739|214.83057
431.81|414.693278325|437.31546
17.737|17.0516771478|17.73669
1.227|1.19683310957|1.2273
33.097|31.8021559138|33.09669
229.129|220.055141165|242.12853
192.11|184.505142894|205.00853
253.01|242.988486439|258.0371
161.698|155.299963192|168.51546
225.379|216.45395006|240.97914
114.312|109.794352072|117.75955
443.077|425.51317704|451.29098
202.101|194.099676316|215.61424
225.489|216.559584999|225.48853
152.085|146.068429834|155.16689
145.043|139.305873097|152.31955
226.72|217.741735999|240.3522
328.284|315.275435569|345.7824
437.481|420.139239593|451.49995
194.206|186.517968643|198.3473
201.961|193.965231848|206.57587
228.914|219.848672875|259.23873
181.563|174.376672872|184.00608
212.834|204.406765417|215.53587
278.198|267.176966853|291.97016
158.139|151.882192754|163.60444
194.742|187.032698891|194.7424
221.431|212.662616065|229.53751
432.843|415.685286435|439.17016
285.124|273.828126745|302.28853
248.535|238.691065054|252.9171
43.752|42.0343402401|47.46404
208.834|200.565494905|216.99873
194.56|186.857921083|210.18077
338.077|324.6798261|348.60363
180.703|173.550799712|191.39873
376.738|361.806665916|403.61751
111.49|107.084335725|111.49016
164.38|157.87553507|167.00036
417.158|400.62270444|449.2273
307.949|295.747376604|317.83138
276.683|265.722085647|286.30159
220.955|212.205504874|236.87791
234.08|224.809673741|262.21669
351.539|337.607622008|368.1171
285.292|273.989460106|295.33995
161.547|155.15495523|170.762
141.305|135.716205804|147.9571
235.247|225.930364413|239.0722
241.162|231.610643183|253.57016
212.068|203.671162114|228.44036
141.642|136.039832845|149.78567
258.357|248.123304796|273.52771
324.046|311.205609462|341.65506
170.945|164.180020298|174.81098
152.108|146.090517139|163.7873
190.555|183.011848983|198.39955
241.47|231.906421012|257.95873
257.759|247.549034855|259.94404
229.471|220.383569794|234.44853
130.717|125.548362759|137.29914
168.246|161.58812302|171.62404
157.571|151.336732341|163.29098
197.265|189.455580267|199.94077
300.437|288.533470582|325.04118
277.653|266.653593746|287.9473
203.546|195.487335288|203.54567
238.51|229.063880833|245.96853
288.908|277.461968649|291.63057
288.624|277.189238443|297.66485
325.538|312.638403363|344.05832
261.172|250.826598919|261.17179
419.283|402.663379399|433.37098
234.887|225.584650067|255.73832
191.745|184.15462696|203.38893
205.351|197.220708607|210.54649
162.696|156.258360184|165.19791
159.742|153.421581911|164.25751
200.812|192.861826893|208.09098
236.449|227.084666202|260.17914
227.944|218.917164776|258.42893
260.899|250.564432207|270.00118
273.032|262.215965987|280.0322
74.884|71.9309486349|81.71057
480.56|461.50876269|494.15791
235.566|226.236705737|244.08771
42.684|41.0087210134|42.68363
217.066|208.470829619|223.26812
121.73|116.917988236|121.73016
149.49|143.576405589|152.97261
196.975|189.177088155|208.16934
389.532|374.092969649|398.54975
379.635|364.588706084|393.84771
433.389|416.20961986|443.37587
314.479|302.018250715|324.25751
196.423|188.646992824|213.7073
316.923|304.365266997|322.19383
305.946|293.823860395|305.94567
221.936|213.147576467|221.93587
49.842|47.8826745946|54.12526
176.587|169.598132355|176.5873
407.545|391.391171082|440.18893
271.192|260.448981552|289.12281
230.301|221.180633425|239.43791
164.711|158.193400205|176.43057
156.421|150.232367069|166.24281
284.003|272.751610684|295.13098
228.711|219.653728397|241.24036
367.578|353.010156444|404.68853
199.924|192.00906484|206.8371
192.104|184.499380989|210.49424
219.974|211.263433281|233.03791
207.314|199.10581211|217.57342
114.637|110.106455301|123.402
165.169|158.633225679|170.23955
341.06|327.544453584|348.21179
64.824|62.2701532972|70.03383
157.077|150.862335433|164.12689
213.008|204.573860684|217.25995
284.619|273.343166343|293.95546
226.992|218.002942394|235.20608
195.379|187.64442122|200.75057
207.778|199.55139949|207.77751
215.226|206.703845183|219.95057
323.5|310.681276037|327.1571
227.898|218.872990165|235.65016
213.525|205.070344898|225.72363
445.178|427.530804376|445.17832
186.578|179.192665776|189.20444
448.075|430.312844544|463.59465
127.698|122.64916384|132.70159
85.566|82.1890615371|90.69669
126.142|121.154909611|128.91383
548.484|526.737377254|556.69506
300.292|288.394224526|315.08853
291.578|280.026016716|291.57832
255.466|245.347026534|262.84363
398.791|382.984550566|413.04771
309.156|296.906479981|315.03628
444.929|427.291685287|481.48853
144.893|139.161825453|154.61832
72.15|69.3054402399|77.60934
187.826|180.391142176|200.07138
370.834|356.13695064|395.93751
208.486|200.23130437|213.002
175.255|168.318989274|175.25506
217.525|208.91161541|229.51138
39.027|37.4968394478|41.16853
136.661|131.25649074|141.06077
222.192|213.39341778|236.5122
188.107|180.660991429|188.1073
215.098|206.580924527|220.26404
164.763|158.243336722|179.51302
492.06|472.552415412|500.29669
137.66|132.21584805|146.23302
286.296|274.953619005|291.02975
214.082|205.605241817|218.43546
220.996|212.244877897|243.25179
314.921|302.442711106|319.32036
165.75|159.19117022|176.40444
236.089|226.738951856|254.53669
166.452|159.865313195|174.70649
157.901|151.653637158|160.49587
363.752|349.335981199|372.76689
284.886|273.599571149|295.49669
208.219|199.974899564|213.55057
316.198|303.669036717|330.63138
113.029|108.562264555|117.68118
486.539|467.250501788|492.45995
465.769|447.304704654|476.47302
245.447|235.725604219|261.79873
113.818|109.319955163|117.02812
222.906|214.079084566|230.24281
128.626|123.540338599|128.62649
201.12|193.157604723|208.50893
96.903|93.0761824857|99.70893
192.232|184.622301645|207.09832
240.309|230.791492246|244.92363
222.592|213.777544831|229.58975
310.804|298.489083432|310.80444
211.487|203.113217572|218.40934
172.292|165.473568143|176.32608
217.797|209.172821805|225.04444
155.516|149.363279615|163.23873
273.223|262.399386654|309.9424
516.963|496.467205302|520.04526
708.812|680.703181915|724.92363
330.379|317.287301|343.50975
190.392|182.855317209|210.93832
224.932|216.02468808|236.7473
165.72|159.162360692|165.72036
183.385|176.12637159|197.69424
335.256|321.970770071|350.64118
228.496|219.447260107|234.05669
194.473|186.774373449|202.05669
220.259|211.537123805|241.50159
211.313|202.946122305|219.97669
152.073|146.056906022|160.46975
171.892|165.089441092|185.93914
299.114|287.26297036|304.45669
263.279|252.849988161|279.40526
230.708|221.5714827|238.94159
173.25|166.39355243|180.89751
410.738|394.457465268|460.69506
189.283|181.79032496|194.97751
182.462|175.239998419|191.55546
300.797|288.879184928|313.7824
191.733|184.143103149|198.00771
171.862|165.060631563|177.76281
185.789|178.434975168|201.42975
350.79|336.888344105|357.642
251.298|241.34442266|265.29914
105.198|101.04201721|108.12036
255.64|245.514121801|267.10159
218.801|210.136980703|218.80118
324.22|311.372704729|333.87057
233.761|224.503332418|238.07955
224.833|215.929616635|229.14567
200.916|192.961699926|208.40444
115.136|110.585653797|119.53587
251.913|241.935018001|259.18649
131.181|125.993950138|134.37342
25.887|24.878265816|25.88689
338.936|325.504738943|341.41995
209.734|201.42978077|217.25995
194.943|187.225722734|198.63465
316.342|303.807322456|316.3424
201.671|193.686739736|208.79628
235.224|225.908277108|249.18159
206.483|198.307788162|212.06159
33.149|31.8520924305|33.14893
193.469|185.810214551|196.25751
285.826|274.50226972|301.50485
160.885|154.51922496|168.28036
254.647|244.560526396|264.59383
158.041|151.788081626|166.84363
244.175|234.504080196|258.40281
183.182|175.931427112|188.39465
275.731|264.807863265|292.10077
172.832|165.992139662|175.41179
563.769|541.415832198|586.29179
228.751|219.692141102|236.19873
187.942|180.502539021|192.10404
278.018|267.00410968|289.74975
206.634|198.452796123|213.60281
246.7|236.928882207|246.69995
282.291|271.107546905|286.37995
99.291|95.3694209814|99.29098
259.03|248.76959856|259.02975
131.93|126.713228042|136.17587
156.357|150.170906741|161.93261
189.463|181.963182133|204.09424
169.732|163.015155015|180.81914
169.709|162.99306771|175.0722
214.674|206.173749852|225.25342
231.242|222.084292313|236.43383
176.216|169.241854515|183.17016
211.859|203.47045573|224.07791
60.749|58.3568589632|70.05995
142.414|136.781198053|150.282
185.109|177.781959181|193.20118
117.307|112.670503367|125.77914
98.899|94.9929764712|98.89914
265.822|255.292075889|265.82159
420.513|403.844570082|441.88689
228.984|219.915895109|233.7171
128.182|123.113957572|128.1824
250.346|240.430200278|255.4771
283.103|271.887324819|291.16036
192.862|185.227301751|192.86159
347.533|333.76058959|347.53261
207.557|199.339169294|220.83873
230.208|221.091323886|240.97914
175.438|168.4947274|182.49098
198.577|190.715516995|202.29179
109.27|104.952430591|109.26975
299.706|287.831478396|304.84853
68.261|65.5707649847|72.4371
411.225|394.925139953|413.51791
182.23|175.01720473|182.22975
221.048|212.294814413|223.76444
289.332|277.869143323|293.40689
155.045|148.910970013|160.20853
157.304|151.080327534|164.85832
119.211|114.498948131|126.17098
216.474|207.902321583|221.6224
149.031|143.135619798|158.22322
326.502|313.564149556|336.32608
390.327|374.856422163|412.02893
515.68|495.235117785|521.19465
233.587|224.336237151|238.44526
263.808|253.357996186|269.47873
223.161|214.323965561|226.66404
203.064|195.024462191|209.00526
177.673|170.641037299|196.57098
192.6|184.975698532|192.60036
209.676|201.374082348|218.40934
210.953|202.600407959|226.24608
216.375|207.807250138|229.79873
183.85|176.572919287|192.83546
260.011|249.711670153|273.34485
210.593|202.254693613|222.92853
274.338|263.470140809|283.74159
356.02|341.910805299|359.65342
218.79|210.126417209|225.59302
192.621|184.995865202|203.31057
220.665|211.927012762|224.57424
156.52|150.327438514|164.33587
315.867|303.351171582|331.59791
79.47|76.3349652769|84.47955
151.104|145.126358241|161.38404
416.386|399.881339231|424.22812
340.822|327.315897989|345.70404
212.898|204.468225745|212.89751
297.152|285.378827174|302.36689
181.133|173.963736292|187.03628
322.235|309.466474237|330.37016
342.808|329.223088798|355.73506
293.326|281.70465193|298.89261
180.814|173.657394969|184.78975
456.22|438.134631624|489.58649
206.443|198.269375456|222.14485
154.912|148.783247768|164.54485
322.577|309.794902866|329.01179
281.124|269.986856233|295.36608
559.247|537.073275884|564.37506
99.5|95.5701273656|99.49995
220.793|212.049933418|231.99302
265.747|255.220052067|270.13179
616.165|591.732634634|624.66567
589.369|565.999963474|598.41261
222.441|213.632536869|233.35138
215.353|206.825805522|218.64444
41.247|39.628744582|41.24689
258.461|248.22317783|263.70567
206.292|198.124367495|212.24444
333.009|319.812936361|333.00853
190.067|182.54321398|197.85098
225.721|216.782378689|227.73506
300.751|288.835010317|311.95383
297.302|285.522874819|316.76036
139.517|133.999157885|146.46812
251.135|241.187890887|265.01179
197.097|189.294246905|201.97832
133.555|128.273744187|145.08363
223.951|215.082616487|230.5824
155.939|149.769493972|163.10812
87.626|84.1673158508|91.32363
196.101|188.337770548|196.10077
193.312|185.659444683|195.65669
173.685|166.811290599|181.08036
271.209|260.465306951|295.67955
291.765|280.205596112|296.6722
160.723|154.363653504|175.38567
379.106|364.080698059|397.66159
210.083|201.764931622|225.33179
245.592|235.864850275|255.76444
183.89|176.611331992|196.49261
688.826|661.510273802|781.60934
219.121|210.444282344|225.07057
227.103|218.109537651|236.09424
226.371|217.406585147|241.24036
166.522|159.932535429|175.15057
145.148|139.406706448|151.32689
186.694|179.304062621|204.85179
228.026|218.995910821|238.10567
246.851|237.073890168|258.89914
204.632|196.530240232|211.3824
235.752|226.415324815|242.18077
233.958|224.692514991|243.1473
242.207|232.614175104|242.20689
176.373|169.392624383|183.71873
278.727|267.684974879|291.49995
152.317|146.291223524|162.61179
199.872|191.959128323|202.91873
298.022|286.214303511|303.882
194.241|186.55157976|198.76526
335.377|322.086968504|344.45016
150.645|144.685572449|168.56771
369.633|354.983609169|376.16281
164.612|158.09832876|170.68363
236.124|226.772562973|241.8673
127.663|122.615552723|130.95138
220.073|211.358504726|239.90812
146.019|140.243143102|151.92771
140.132|134.589753226|145.05751
193.19|185.542285933|198.63465
124.651|119.723076027|128.54812
124.122|119.215068002|133.69424
205.473|197.337867357|238.54975
162.22|155.801248994|162.21995
200.609|192.666882415|204.32934
337.56|324.183341886|354.35057
138.223|132.756506875|151.562
313.069|300.664202859|323.39546
419.677|403.041744545|425.61261
314.091|301.645647475|327.47057
216.602|208.025242239|230.37342
128.453|123.374203649|135.88853
168.124|161.470964269|168.12363
214.639|206.140138735|224.83546
171.404|164.620806089|181.73342
278.076|267.059808103|285.83138
271.882|261.111600715|271.882
175.607|168.65702108|186.22649
259.059|248.797447771|265.61261
374.491|359.648832206|374.49098
148.712|142.829278475|154.30485
630.886|605.869470436|645.38077
205.787|197.639407092|209.29261
175.961|168.99697352|185.86077
225.768|216.827513617|237.16526
21.394|20.5635587134|21.39383
71.639|68.814717932|77.21751
233.006|223.778292609|251.61098
108.147|103.873993895|119.64036
170.905|164.141607593|178.36363
206.303|198.134930989|214.49098
419.503|402.874649277|432.90077
206.582|198.402859607|209.05751
177.975|170.931053223|188.55138
276.521|265.566514191|291.02975
125.283|120.329996768|125.28281
99.004|95.0938098221|99.00363
116.584|111.976193722|116.58404
247.989|238.166731629|251.68934
132.841|127.588077401|147.98322
286.668|275.310857162|290.16771
118.19|113.518463833|125.93587
188.999|181.517594754|210.75546
138.501|133.023475175|152.37179
470.285|451.641499062|508.02893
256.946|246.768296623|260.51873
227.451|218.443728185|231.49669
234.963|225.657634207|249.83465
209.403|201.111915635|214.72608
324.11|311.26706979|343.562
212.648|204.228146338|229.642
147.173|141.351349645|147.17342
499.821|480.005440523|548.38812
157.96|151.710295898|173.322
157.524|151.291597412|162.01098
210.802|202.455399997|218.46159
158.813|152.529446835|165.48526
281.112|269.975332421|285.1522
168.467|161.800353216|170.91873
338.797|325.371254792|347.79383
181.394|174.214379193|181.39383
162.482|156.052852212|170.89261
217.13|208.532289947|241.52771
196.377|188.602818213|209.97179
205.752|197.605795975|216.5024
234.899|225.596173879|247.24853
135.767|130.39796678|138.94485
334.913|321.641381125|349.51791
236.292|226.933896334|256.67873
292.351|280.768342242|296.38485
182.184|174.973030119|188.86485
229.75|220.651498412|233.27302
175.798|168.840441746|193.48853
188.212|180.76182478|188.21179
206.489|198.313550067|217.65179
209.874|201.564225238|219.37587
339.238|325.794754866|352.86159
236.773|227.395809114|236.77342
190.299|182.76600767|197.38077
339.336|325.888865994|346.5922
323.715|310.887744327|336.84853
229.756|220.657260318|232.38485
130.682|125.514751642|138.1873
224.682|215.784608673|244.08771
151.417|145.426937658|157.43955
32.966|31.6763543045|32.96608
240.599|231.069984358|263.81016
539.312|517.92934397|568.99873
224.705|215.806695979|234.78812
222.314|213.51057653|237.94893
98.168|94.2909842851|98.16771
168.78|162.100932633|181.31546
214.988|206.475289588|224.05179
207.337|199.127899416|214.9873
204.614|196.512954515|213.78567
252.064|242.080025963|256.83546
195.663|187.917151427|207.72526
183.832|176.55563357|189.46567
305.342|293.243828548|310.64771
148.132|142.27229425|159.32036
383.158|367.971905088|389.61587
181.563|174.376672872|183.97995
253.527|243.484970653|266.05669
216.056|207.500908814|223.13751
256.023|245.881923452|265.24689
197.822|189.990477185|206.31465
447.582|429.839407954|447.58159
137.932|132.477054445|143.0722
421.483|404.776078181|425.19465
263.355|252.922972301|275.82649
195.454|187.716445042|198.26893
186.427|179.047657814|194.63791
262.438|252.042361036|276.40118
218.622|209.965083848|225.54077
249.208|239.337358818|258.5073
288.322|276.899222519|294.13832
200.87|192.917525316|203.44118
234.057|224.787586436|234.05669
113.888|109.387177397|121.57342
287.922|276.515095468|297.06404
142.965|137.310333066|151.97995
71.303|68.492051209|79.80363
212.213|203.81040817|224.39138
299.183|287.329232277|329.42975
146.204|140.420801864|155.6371
261.05|250.709440168|265.82159
165.837|159.274717854|179.98322
139.175|133.670729256|147.1473
273.908|263.057204229|283.32363
212.254|203.849781193|220.3424
248.407|238.568144398|267.59791
292.659|281.064120072|297.45587
275.615|264.69646642|278.12526
233.529|224.280538728|237.19138
1813.426|1741.48347825|1819.76771
418.162|401.586863338|438.90893
240.919|231.377285999|247.09179
293.402|281.777636069|296.54159
165.465|158.917479696|174.18404
183.542|176.277141458|188.94322
365.209|350.735163983|384.60036
204.115|196.033756018|212.63628
225.097|216.183140489|225.09669
146.245|140.460174886|155.11465
381.991|366.851214416|392.82893
252.105|242.119398986|267.80689
223.527|214.675441813|226.5073
132.179|126.952347131|132.17914
262.269|251.880067357|271.12444
354.011|339.981527185|354.01098
163.823|157.340638151|171.57179
347.963|334.17352617|358.71302
220.648|211.910687362|228.64934
206.849|198.659264413|212.92363
325.381|312.487633495|338.02404
214.721|206.218884781|217.86077
53.812|51.6951355777|53.81179
163.108|156.654011047|163.10812
101.471|97.4629134104|109.322
207.124|198.923351761|207.12444
305.569|293.461820649|314.01751
188.616|181.149793102|193.82812
232.2|223.004276601|248.2673
160.932|154.564359889|173.45261
247.507|237.703858532|257.09669
38.347|36.8438234608|38.3473
194.792|187.080714773|200.64608
254.601|244.516351785|260.80608
224.299|215.416807022|234.31791
166.15|159.575297272|175.41179
218.918|210.249337866|228.41424
420.328|403.66691132|425.19465
197.045|189.244310389|209.05751
176.327|169.348449772|183.87546
171.828|165.027980763|182.80444
406.239|390.13699626|417.48853
273.85|263.001505807|279.19628
159.858|153.532978756|170.73587
177.58|170.55172776|183.92771
71.425|68.6092099596|81.18812
200.806|192.856064987|210.54649
189.306|181.812412265|203.49342
168.014|161.36532933|186.87955
230.052|220.941514336|238.94159
73.985|71.0676230873|78.49751
120.076|115.329622879|129.59302
234.725|225.429078611|262.3473
246.404|236.644628189|250.77506
163.741|157.261892106|171.98975
67.317|64.6642251438|67.3171
156.578|150.383136936|159.9473
159.268|152.966391356|159.26812
218.349|209.702917135|228.33587
216.346|207.779400926|216.34567
374.015|359.191721015|386.79465
40.316|38.7346888703|44.30322
247.652|237.843104589|261.27628
299.125|287.273533854|311.43138
231.631|222.45785587|246.80444
247.333|237.536763265|253.98812
77.572|74.5122824189|84.94975
137.242|131.814435281|154.40934
266.67|256.106425238|273.29261
162.716|156.277566537|162.71628
176.286|169.309076749|182.83057
142.338|136.708213914|155.11465
250.329|240.413874879|257.14893
192.865|185.230182703|202.9971
191.263|183.691753863|202.00444
281.995|270.823292887|291.082
492.211|472.697423374|497.13587
64.395|61.8581770348|71.99302
233.355|224.113443461|237.11302
271.569|260.811021297|275.9571
345.687|331.987843249|348.44689
196.058|188.29647689|198.47791
88.738|85.2351890531|88.73751
253.498|243.457121442|255.99955
302.167|290.194820079|320.522
75.929|72.9344805561|78.70649
224.467|215.578140383|229.56363
236.466|227.100991602|247.74485
167.366|160.743043507|167.36608
188.714|181.24390423|197.90322
218.041|209.407139306|232.93342
209.998|201.683304624|209.99791
236.832|227.452467854|243.66975
281.716|270.555364269|286.37995
487.004|467.697049485|501.86404
160.955|154.586447194|174.28853
373.394|358.595363768|391.49669
361.343|347.022576033|364.72118
294.568|282.897366424|299.49342
163.399|156.933463477|176.16934
265.822|255.292075889|282.33098
303.444|291.42114569|308.74077
277.76|266.756347732|277.75955
147.783|141.937143398|151.43138
187.246|179.834157952|193.12281
227.614|218.600259959|232.98567
246.155|236.405509099|263.13098
125.19|120.240687229|128.26077
216.247|207.684329481|229.72036
257.701|247.493336432|264.41098
188.264|180.811761297|188.26404
197.869|190.035612114|205.50485
250.032|240.128660543|262.79138
179.821|172.703799564|191.81669
265.09|254.589123386|265.09016
219.402|210.714131598|219.402
170.475|163.728671013|190.17098
154.732|148.610390595|160.83546
200.545|192.605422087|208.1171
139.401|133.88776104|143.46404
212.904|204.473987651|227.99628
267.366|256.774806307|287.65995
277.289|266.304038129|277.28934
238.974|229.509468213|247.66649
225.739|216.799664406|235.36281
188.256|180.804078756|190.74567
199.918|192.003302934|205.16526
251.722|241.751597334|266.21342
168.304|161.643821442|175.82975
166.597|160.004559251|171.12771
257.66|247.45396341|267.17995
216.004|207.450972298|227.60444
87.458|84.0059824893|87.45751
127.059|122.035520876|127.05914
222.058|213.264735218|227.082
284.549|273.275944109|294.19057
156.462|150.271740092|161.88036
238.51|229.063880833|246.04689
121.922|117.102369221|131.68281
259.065|248.803209677|264.07138
169.842|163.120789954|188.31628
236.495|227.128840813|242.62485
289.622|278.147635436|302.28853
233.976|224.709800708|256.39138
162.453|156.025003001|169.87383
224.374|215.488830844|236.95628
262.815|252.404400782|266.84036
871.108|836.558891669|878.75873
220.578|211.843465128|232.202
201.741|193.75396197|219.61098
397.087|381.348169328|397.08689
253.214|243.184391235|267.83302
556.64|534.569727828|568.78975
258.827|248.574654081|273.8673
150.169|144.228461259|156.55138
379.298|364.265079044|379.29751
185.504|178.161284644|188.26404
162.342|155.918407744|167.78404
239.514|230.028039732|242.31138
160.189|153.850843891|162.24608
133.701|128.413950561|142.70649
301.238|289.302685002|318.61506
111.961|107.536645328|119.30077
264.597|254.115686795|277.55057
327.86|314.868260895|342.09914
222.441|213.632536869|228.38812
180.024|172.898744042|185.83465
262.931|252.515797627|269.34812
135.697|130.330744546|152.0322
122.253|117.420234355|124.9171
220.688|211.949100067|230.21669
233.506|224.258451423|238.52363
184.982|177.659998842|196.44036
248.094|238.26756498|259.21261
12.721|12.2347239258|12.72118
63.634|61.1273753199|63.63383
206.118|197.957272227|215.64036
311.043|298.718599345|330.63138
148.579|142.70155623|154.27873
203.558|195.4988591|216.21506
275.818|264.891410899|278.56934
342.877|329.289350714|377.75628
321.788|309.037212258|343.43138
189.928|182.40972983|196.17914
225.884|216.938910462|239.35955
244.791|235.095635855|247.11791
356.049|341.93865451|356.04853
201.421|193.446660329|204.59057
268.011|257.394211177|277.002
269.137|258.475528826|284.26404
254.845|244.750669287|274.54649
144.115|138.414698339|151.71873
336.742|323.397802067|341.08036
132.963|127.705236151|132.96281
109.859|105.518057674|113.26649
1017.353|977.000543175|1023.86893
199.303|191.412707593|215.32689
140.817|135.247570802|147.80036
327.982|314.985419645|334.52363
328.911|315.877554722|341.002
160.705|154.346367787|168.93342
141.827|136.217491606|150.56934
203.25|195.20308127|215.74485
228.67|219.614355374|246.15138
217.554|208.939464621|233.24689
231.149|221.994982774|236.64281
195.21|187.482127541|199.36608
189.835|182.320420291|201.16853
328.133|315.130427607|338.12853
231.091|221.939284351|247.30077
174.991|168.065465421|183.09179
279.65|268.571348049|288.57424
205.816|197.667256304|208.16934
120.099|115.351710185|123.58485
419.161|402.546220649|430.94159
179.74|172.626013836|190.74567
303.462|291.438431407|319.92118
239.52|230.033801638|243.06893
267.865|257.254004803|271.64689
324.795|311.924887365|340.79302
174.237|167.341385929|177.50159
56.697|54.4656519345|61.83138
245.412|235.691993102|256.73098
223.19|214.351814772|223.18975
216.439|207.868710466|221.962
198.06|190.219032781|198.05995
129.358|124.243291102|129.35791
158.801|152.517923023|163.99628
322.868|310.074355296|335.09832
159.707|153.387970794|165.11955
279.237|268.174736869|300.59057
248.401|238.562382492|276.37506
303.09|291.081193249|317.46567
193.698|186.030127288|193.69751
161.994|155.58421721|172.14649
245.969|236.226890021|256.33914
211.766|203.38114619|220.89098
276.132|265.192950634|291.89179
208.718|200.45409806|223.73832
27.898|26.8094645659|27.89832
211.185|202.823201648|218.22649
222.61|213.794830548|235.17995
218.72|210.059194975|222.24934
546.261|524.602591167|589.87057
251.199|241.249351215|261.8771
201.747|193.759723875|211.90485
167.079|160.467432348|176.97914
190.816|183.262491884|199.96689
79.999|76.8429733021|86.09914
149.211|143.308476971|149.21098
245.772|236.037707448|252.682
286.401|275.054452356|293.04118
243.525|233.879873738|256.39138
352.209|338.251034819|352.20853
263.726|253.279250141|274.93832
131.239|126.049648561|136.46322
1796.894|1725.60750722|1815.2224
287.718|276.319190672|299.4673
125.167|120.218599923|132.70159
262.229|251.841654652|266.78812
260.539|250.218717861|264.61995
525.549|504.712492456|535.69261
236.832|227.452467854|243.66975
333.589|320.369920586|342.88281
269.886|259.194806729|272.32608
238.283|228.845888732|247.97995
73.636|70.7324722351|82.65098
222.708|213.888941676|227.57832
193.027|185.385754159|199.8624
144.44|138.726801568|150.282
518.693|498.128554798|525.47873
242.265|232.669873527|249.93914
158.343|152.07809755|163.86567
274.727|263.843704367|287.34649
66.374|63.7586456206|68.49261
235.938|226.593943894|250.01751
256.714|246.545502933|259.91791
225.837|216.893775534|232.51546
382.398|367.24206369|387.26485
203.61|195.548795616|214.90893
167.091|160.47895616|173.26975
203.082|195.041747909|209.42322
173.436|166.572171509|183.95383
162.644|156.208423668|170.29179
183.316|176.060109674|193.95873
279.499|268.426340087|286.77179
305.505|293.400360321|312.99873
31.294|30.0707032305|31.29424
470.547|451.893102281|477.49179
95.904|92.1168251754|101.642
187.339|179.923467491|202.08281
249.945|240.04511291|255.05914
235.023|225.715253265|235.02322
293.419|281.793961469|307.33016
289.1|277.646349634|304.66567
275.54|264.624442598|281.0771
178.666|171.594632704|183.90159
173.935|167.051370006|192.23465
258.328|248.095455585|261.43302
250.253|240.340890739|259.36934
283.632|272.395332844|292.80608
299.561|287.69223234|302.602
312.953|300.552806014|327.88853
209.496|201.201225175|222.30159
531.122|510.064342597|540.52526
386.125|370.82116749|405.78567
136.417|131.022173238|152.86812
1172.428|1125.92179934|1280.88771
389.898|374.4444459|393.61261
100.339|96.3758338555|110.94159
224.729|215.829743602|235.65016
267.993|257.37692546|284.00281
254.578|244.49426448|266.94485
202.194|194.188985855|206.602
109.912|105.568954508|123.24526
260.487|250.168781344|266.34404
135.564|130.203022302|142.36689
154.186|148.08605717|158.27546
134.037|128.736617284|143.67302
323.111|310.307712479|328.4371
179.734|172.62025193|187.76771
175.09|168.160536866|191.92118
402.303|386.357186076|415.50322
245.806|236.070358247|258.2722
242.149|232.558476682|248.08444
110.434|106.07024031|115.82649
291.73|280.171984995|297.03791
222.848|214.023386144|230.47791
226.499|217.529505804|234.57914
168.937|162.251702501|175.51628
414.917|398.470632635|424.85506
174.602|167.691901863|179.46077
12.956|12.4603985683|12.95628
517.909|497.375665778|521.79546
175.914|168.951838591|179.61751
152.276|146.251850501|162.06322
248.21|238.378961825|255.16363
392.562|377.002732061|423.70567
180.14|173.010140887|180.13995
150.494|144.540564488|163.39546
189.788|182.275285362|203.96363
179.003|171.918259744|189.6224
237.191|227.797221882|237.19138
368.141|353.550815268|379.32363
196.354|188.580730908|203.65016
201.485|193.508120657|205.11302
190.868|183.3124284|197.38077
227.068|218.075926534|249.18159
293.558|281.927445619|304.22159
150.785|144.820016917|153.73016
207.732|199.507224879|212.00934
146.042|140.265230408|153.67791
971.912|933.362749841|974.99383
99.643|95.7074527864|108.14649
43.723|42.0064910289|48.29995
208.057|199.819328108|213.55057
90.827|87.241292578|90.8273
215.609|207.071646835|218.48771
286.598|275.243634928|299.72853
147.876|142.026452938|157.07383
411.353|395.048060609|422.55628
368.222|353.628600996|368.22159
520.812|500.163467852|530.70322
204.934|196.820256156|216.63302
162.383|155.957780767|166.94812
252.54|242.537137154|258.89914
191.983|184.383182556|196.93669
151.51|145.516247198|154.27873
310.578|298.272051648|334.75873
157.762|151.520153008|174.31465
141.996|136.379785285|153.91302
288.311|276.888659025|300.14649
223.126|214.290354444|231.60118
358.905|344.681321656|377.62567
276.12|265.181426822|295.75791
193.91|186.233714625|196.96281
209.206|200.922733063|213.31546
146.831|141.022921016|155.61098
271.79|261.023251493|303.72526
215.893|207.344377041|226.40281
226.778|217.797434422|239.0722
288.502|277.072079692|294.26893
389.851|374.399310972|425.37751
292.275|280.695358103|308.76689
593.508|569.974718137|598.62159
205.607|197.466549919|212.50567
222.07|213.276259029|227.52608
7.131|6.86654838525|7.13098
203.232|195.185795553|203.2322
338.164|324.763373734|345.33832
317.62|305.034608384|343.35302
409.832|393.587417497|415.4771
237.43|228.026737795|240.50893
70.2|67.4328208653|77.60934
138.739|133.252030771|146.72934
130.444|125.286196046|137.1424
324.232|311.38422854|330.78812
229.82|220.718720646|249.93914
225.541|216.609521516|231.33995
244.965|235.262731122|263.41832
34.249|32.9084418213|39.00036
215.013|206.499297528|215.01342
250.95|241.010232126|260.44036
385.939|370.642548411|388.96281
156.479|150.288065491|160.31302
403.052|387.076463979|409.73016
237.0|227.613801215|243.98322
190.769|183.217356955|196.33587
175.038|168.110600349|188.49914
276.427|265.476244334|276.4273
131.053|125.871029482|144.16934
171.392|164.609282278|183.01342
190.09|182.565301286|195.91791
465.821|447.354641171|476.18567
206.065|197.906375393|228.33587
143.813|138.124682415|160.1824
151.307|145.321302719|158.32771
908.458|872.426755074|912.97914
215.899|207.350138947|223.29424
280.189|269.088959251|282.38322
242.608|232.999262473|247.14404
267.372|256.780568213|274.23302
13.27|12.7619383035|13.26975
218.639|209.981409247|228.362
10.658|10.2535886592|10.65751
87.87|84.401633352|93.80526
158.511|152.239430911|169.89995
181.748|174.554331633|190.74567
225.321|216.398251638|238.94159
230.534|221.404387432|245.73342
224.641|215.745235651|231.94077
213.838|205.370924315|232.82893
229.959|220.852204796|243.17342
187.379|179.961880196|194.32444
222.308|213.504814625|233.58649
187.768|180.335443754|187.76771
222.656|213.839005159|235.2322
417.724|401.166244217|417.72363
215.226|206.703845183|223.39873
171.363|164.581433066|175.25506
92.133|88.4954674002|92.13342
851.528|817.755872512|861.83138
219.045|210.371298204|222.14485
180.117|172.988053582|186.67057
189.417|181.919007522|196.23138
175.369|168.428465484|183.50975
253.748|243.697200849|259.23873
332.19|319.026436224|339.35628
161.018|154.646947205|161.01832
196.058|188.29647689|202.1873
272.533|261.736767491|276.13995
185.103|177.776197275|185.10322
257.474|247.275344331|260.10077
172.391|165.568639588|181.39383
221.112|212.356274742|226.40281
167.602|160.969678467|176.03873
252.97|242.950073734|259.02975
202.733|194.706597057|206.34077
297.767|285.969422516|333.89669
287.126|275.750682636|298.57914
227.718|218.700132992|235.07546
200.754|192.806128471|207.28118
213.804|205.338273516|241.8673
148.364|142.49508794|156.05506
232.24|223.042689306|237.00853
215.232|206.709607089|232.202
182.938|175.69710961|193.38404
171.584|164.793663262|179.51302
196.94|189.143477038|206.99383
215.545|207.010186506|221.09995
361.558|347.229044323|375.48363
562.364|540.06658593|569.20771
263.726|253.279250141|266.52689
199.982|192.064763262|207.20281
112.808|108.350034359|121.02485
127.431|122.392759033|131.44771
132.487|127.24812496|135.52281
138.432|132.957213259|140.56444
152.253|146.229763195|162.79465
767.489|737.051739373|771.89179
269.444|258.770346338|283.27138
164.061|157.569193747|171.67628
234.574|225.28407065|237.92281
152.52|146.486168002|165.40689
269.415|258.742497127|281.70404
179.206|172.113204223|184.52853
335.441|322.148428833|359.52281
239.473|229.988666709|247.24853
155.881|149.71379555|166.05995
199.982|192.064763262|216.29342
240.089|230.580222368|253.09995
206.425|198.252089739|215.7971
140.754|135.187070791|144.01261
143.163|137.500475957|150.17751
184.764|177.450649599|184.76363
207.882|199.651272523|207.882
328.15|315.146753007|328.14975
124.68|119.750925239|135.23546
304.141|292.090487076|311.11791
189.643|182.136039306|192.44363
81.632|78.4111719886|81.6322
255.895|245.759002796|255.89506
261.579|251.217448194|270.00118
173.337|166.477100064|178.38975
384.424|369.187667205|397.00853
272.237|261.452513473|275.48689
126.816|121.802163692|133.98159
71.157|68.3518448353|71.1571
219.028|210.354972805|226.2722
241.331|231.772936862|251.11465
144.399|138.687428545|147.06893
175.595|168.645497268|183.35302
343.406|329.79735874|347.61098
150.018|144.083453297|154.53995
339.458|326.006024744|384.54812
514.688|494.282482698|529.03138
193.01|185.36942876|205.24363
210.083|201.764931622|220.83873
182.915|175.675022305|190.27546
408.468|392.277544252|432.14322
146.733|140.928809889|156.96934
219.533|210.839933207|238.91546
145.438|139.685198561|150.7522
306.318|294.181098553|319.84281
229.1|220.027291954|239.15057
823.496|790.836248764|828.05506
314.015|301.572663335|323.57832
303.711|291.677550496|309.18485
220.462|211.732068283|224.65261
189.457|181.957420227|203.15383
247.56|237.754755367|260.64934
273.932|263.080251852|282.04363
183.159|175.909339806|188.3424
224.485|215.595426101|229.51138
33.671|32.3533782323|33.67138
305.267|293.171804726|312.05832
101.367|97.3630403771|109.81832
379.64|364.593507672|403.25179
167.967|161.320194402|174.15791
169.401|162.69728988|183.74485
92.741|89.079340518|101.58975
132.609|127.365283711|144.14322
263.349|252.917210395|277.002
226.493|217.523743898|230.37342
173.18|166.326330196|180.32281
185.182|177.852062368|185.18159
198.676|190.81058844|202.57914
169.929|163.204337588|182.83057
549.302|527.522917074|549.3024
147.046|141.229389306|154.95791
211.603|203.224614417|230.50404
154.68|148.560454078|159.16363
256.255|246.104717142|264.69832
332.748|319.56229346|339.51302
240.605|231.075746264|251.50649
189.591|182.086102789|191.92118
207.755|199.529312184|218.122
209.763|201.457629981|219.71546
221.24|212.479195398|228.15302
249.481|239.59952553|258.7424
233.935|224.670427685|238.21016
204.487|196.390994176|211.1473
199.605|191.702723516|214.46485
206.176|198.01297065|209.34485
233.72|224.463959395|235.98975
260.005|249.705908247|273.162
259.802|249.510963769|269.58322
249.574|239.68883507|262.53016
222.801|213.978251215|236.72118
147.278|141.452182996|150.72608
249.098|239.231723879|263.52281
278.343|267.316212909|296.80281
147.644|141.803659248|147.64363
356.926|342.78085307|369.57995
92.34|88.6942531492|96.10404
252.645|242.637970505|260.38812
184.633|177.32484799|191.86893
402.364|386.415765451|402.36363
331.564|318.425277389|338.72934
167.12|160.506805371|173.73995
227.515|218.505188514|243.43465
42.057|40.4066018606|44.2771
243.989|234.325461117|264.6722
192.557|184.934404874|201.27302
279.829|268.743244905|289.77587
336.103|322.784159102|343.84934
511.599|491.316061545|517.0673
145.908|140.136547846|153.52118
215.917|207.367424664|225.07057
156.787|150.583843321|164.57098
174.591|167.681338369|178.25914
193.044|185.402079559|193.04444
101.541|97.5301356444|108.35546
180.901|173.740942602|189.88363
158.929|152.64084368|166.03383
242.707|233.094333918|247.64036
267.552|256.953425386|277.65506
168.281|161.621734137|181.49832
144.968|139.233849275|149.36771
216.491|207.918646983|239.59465
61.649|59.2211448283|65.72363
189.225|181.734626538|195.5522
114.596|110.067082278|117.4722
193.225|185.57589705|209.13587
153.884|147.796041247|159.58159
207.697|199.473613762|225.12281
442.032|424.509645118|455.44444
43.232|41.5349750735|43.2322
310.37|298.072305581|315.97669
109.36|105.038859178|113.81506
149.6|143.682040528|166.55628
213.879|205.410297338|227.94404
215.522|206.988099201|224.67873
484.206|465.010080762|490.86649
234.905|225.601935784|245.49832
290.836|279.313461036|298.55302
256.151|246.004844109|270.28853
154.134|148.036120654|157.93587
151.777|145.772652004|162.82077
327.454|314.478371938|348.02893
250.665|240.736541602|274.15465
147.342|141.513643324|160.62649
186.839|179.443308677|199.3922
202.548|194.528938295|219.01016
140.696|135.131372369|147.25179
243.711|234.058492817|248.16281
189.98|182.459666347|198.53016
438.48|421.098596904|444.49914
184.953|177.632149631|188.70812
168.443|161.777305593|176.5873
227.149|218.153712262|240.61342
195.146|187.420667213|199.75791
236.28|226.922372523|241.03138
308.407|296.187202077|328.6722
267.726|257.120520653|271.43791
200.446|192.510350641|207.90812
255.303|245.19049476|261.61587
191.28|183.708079263|208.27383
215.789|207.244504008|231.83628
136.115|130.732157315|141.08689
295.044|283.354477615|311.2224
408.596|392.400464909|414.9024
249.649|239.760858892|256.15628
455.593|437.532512472|475.21914
179.409|172.308148701|179.40853
154.024|147.930485714|162.95138
296.153|284.419469864|314.5922
182.671|175.440704804|187.14077
136.615|131.212316129|141.73995
167.184|160.568265699|172.25098
386.194|370.887429406|386.19383
163.463|156.994923805|168.01914
186.015|178.652006952|193.72363
300.826|288.90703414|300.82567
193.167|185.520198627|209.73669
